﻿{
    "tunnels":  [
                    {
                        "name":  "command_line",
                        "ID":  "903eb105ec1cae8cb8efba0073bea08b",
                        "uri":  "/api/tunnels/command_line",
                        "public_url":  "https://bioluminescent-debora-unallegorized.ngrok-free.dev",
                        "proto":  "https",
                        "config":  {
                                       "addr":  "http://localhost:5173",
                                       "inspect":  true
                                   },
                        "metrics":  {
                                        "conns":  {
                                                      "count":  0,
                                                      "gauge":  0,
                                                      "rate1":  0,
                                                      "rate5":  0,
                                                      "rate15":  0,
                                                      "p50":  0,
                                                      "p90":  0,
                                                      "p95":  0,
                                                      "p99":  0
                                                  },
                                        "http":  {
                                                     "count":  0,
                                                     "rate1":  0,
                                                     "rate5":  0,
                                                     "rate15":  0,
                                                     "p50":  0,
                                                     "p90":  0,
                                                     "p95":  0,
                                                     "p99":  0
                                                 }
                                    }
                    }
                ],
    "uri":  "/api/tunnels"
}
